<?xml version="1.0" encoding="UTF-8"?>
<beans xmlns="http://www.springframework.org/schema/beans"
  xmlns:xsi="http://www.w3.org/2001/XMLSchema-instance" xmlns:p="http://www.springframework.org/schema/p"
  xmlns:context="http://www.springframework.org/schema/context"
  xmlns:mvc="http://www.springframework.org/schema/mvc"
  xsi:schemaLocation="http://www.springframework.org/schema/beans  
  http://www.springframework.org/schema/beans/spring-beans-3.1.xsd  
  http://www.springframework.org/schema/context  
  http://www.springframework.org/schema/context/spring-context-3.1.xsd  
  http://www.springframework.org/schema/mvc  
  http://www.springframework.org/schema/mvc/spring-mvc-4.0.xsd">
  <context:component-scan base-package="cn.com.fangself"/>
  <context:property-placeholder location="classpath:jdbc.properties" />
  <bean id="dataSource" class="org.springframework.jdbc.datasource.DriverManagerDataSource">
    <property name="driverClassName" value="${jdbc.driver}" />
    <property name="url" value="${jdbc.url}" />
    <property name="username" value="${jdbc.username}" />
    <property name="password" value="${jdbc.password}" />
  </bean>
  <bean id="sqlSessionFactory" class="org.mybatis.spring.SqlSessionFactoryBean">
    <property name="dataSource" ref="dataSource" />
    <property name="mapperLocations" value="classpath:cn/com/fangself/model/dao/*.xml"></property>
  </bean>
  <bean class="org.mybatis.spring.mapper.MapperScannerConfigurer">
    <property name="basePackage" value="cn.com.fangself.model.dao" />
    <property name="sqlSessionFactoryBeanName" value="sqlSessionFactory"></property>
  </bean>
  <!--(事务管理)transaction manager, use JtaTransactionManager for global tx -->
  <bean id="transactionManager"
    class="org.springframework.jdbc.datasource.DataSourceTransactionManager">
    <property name="dataSource" ref="dataSource"/>
  </bean>
</beans>