<?xml version="1.0" encoding="UTF-8"?>
<beans xmlns="http://www.springframework.org/schema/beans"
  xmlns:xsi="http://www.w3.org/2001/XMLSchema-instance" xmlns:p="http://www.springframework.org/schema/p"
  xmlns:context="http://www.springframework.org/schema/context"
  xmlns:mvc="http://www.springframework.org/schema/mvc"
  xsi:schemaLocation="http://www.springframework.org/schema/beans  
  http://www.springframework.org/schema/beans/spring-beans-3.1.xsd  
  http://www.springframework.org/schema/context  
  http://www.springframework.org/schema/context/spring-context-3.1.xsd  
  http://www.springframework.org/schema/mvc  
  http://www.springframework.org/schema/mvc/spring-mvc-4.0.xsd">
  
  <!-- 开启controller注解支持 -->
<context:component-scan base-package="cn.com.fangself.controller" use-default-filters="false">
<context:include-filter type="annotation"
expression="org.springframework.stereotype.Controller"/>
</context:component-scan>

 <!--  <context:component-scan base-package="cn.com.fangself.controller" /> -->
   <!--避免IE执行AJAX时，返回JSON出现下载文件 -->
   <bean id="mappingJacksonHttpMessageConverter"
    class="org.springframework.http.converter.json.MappingJackson2HttpMessageConverter">
    <property name="supportedMediaTypes">
      <list>
        <value>text/html;charset=UTF-8</value>
      </list>
    </property>
  </bean> 
  <bean
    class="org.springframework.web.servlet.mvc.annotation.AnnotationMethodHandlerAdapter">
    <property name="messageConverters">
      <list>
        <ref bean="mappingJacksonHttpMessageConverter" /><!-- 	JSON转换器 -->
      </list>
    </property>
  </bean> 
  <bean class="org.springframework.web.servlet.view.InternalResourceViewResolver">
    <property name="prefix" value="/pages/" />
    <property name="suffix" value=".jsp" />
  </bean>
  <!-- 配置文件上传，如果没有使用文件上传可以不用配置，当然如果不配，那么配置文件中也不必引入上传组件包 -->
  <bean id="multipartResolver"  
        class="org.springframework.web.multipart.commons.CommonsMultipartResolver">  
        <property name="defaultEncoding" value="utf-8" />  
        <property name="maxUploadSize" value="10485760000" />  
        <property name="maxInMemorySize" value="40960" />  
    </bean> 
  	<!--访问静态页面  -->
 	 <mvc:default-servlet-handler/>
 	 <mvc:annotation-driven/>
</beans>